Track Number,Track,Artist,URI
1,After,Behzad Leito,spotify:track:4Yek8W0DzJeRLDd1d0hHQi
2,Tavalod,Behzad Leito,spotify:track:3XmS0SRDdnszbY5Rjk3eua
3,Shol Kon,Behzad Leito,spotify:track:3C0s9QOAKOU6lUCh7nCVUT
4,Dadim Raft Toro,Behzad Leito,spotify:track:31ivzjw5stZ3hrsrJjfuab
5,Oomadam Too Shahr,Behzad Leito,spotify:track:54m73M5ubIsGKtDHPe734h
6,Microphonam Remake,Behzad Leito,spotify:track:5p4kiC9UWPNDTU1GW16dmS
7,NASA,Behzad Leito,spotify:track:6iwPMJ5t1HGfX900maILqD
8,Tool Mishe Type,Behzad Leito,spotify:track:0JZt19OBFO06oc7J5OFEyy
9,Messe Avalash,Behzad Leito,spotify:track:01fzT3hmmjXc7dQikBEknk
10,12 Saal Pish,Behzad Leito,spotify:track:2h46C75TPEKaRHrvbE74ES
11,Hezar,Mehrad Hidden,spotify:track:2k934yYJMwiHQAS6cdr33n
12,Kaj,Mehrad Hidden,spotify:track:1RpqYr8xVD7bVJHxeuIZah
13,Bill,Mehrad Hidden,spotify:track:0NhFOgfrJPpfhCoACT4MrZ
14,Rock A Chock,Mehrad Hidden,spotify:track:0lsZt7u0pys6KanpJmAzcs
15,Raftam Too Delesh,Mehrad Hidden,spotify:track:5YgNjI0w0G4VyOcA0LNuI2
16,Seyl,Mehrad Hidden,spotify:track:7b3kspTmqpX7zjrVvRGRu4
17,Cheap,Mehrad Hidden,spotify:track:3BYA1zb1XZ4ljQa6h7mVQQ
18,Aroos,Mehrad Hidden,spotify:track:1xIudE3RAg7ElM6VpehIPd
19,Bitab,Mehrad Hidden,spotify:track:1IiwHv9OUJQkHqplabQAv9
20,Psycho Salam,Mehrad Hidden,spotify:track:4e96dYvM1y1f4kTA5VYOxX
21,Shokret,Amir Tataloo,spotify:track:2MHNdG3jS1MLF9zbMoOMbc
22,Behesht,Amir Tataloo,spotify:track:0pOvrPSjy1WHNmuic5SLhH
23,Baby Oonam Dooste Mane,Amir Tataloo,spotify:track:0HLQRljaGjU5oZVyt0EiCA
24,Gorg,Amir Tataloo,spotify:track:44avXySYWskHuq99lkF3dw
25,Man Bahat Ghahram,Amir Tataloo,spotify:track:0aGEChV1ooitWhU9e9CdY1
26,Ye Dafe Dige Mikham,Amir Tataloo,spotify:track:3j2u7nV3LXXyhzzT9KYVzb
27,Boht,Amir Tataloo,spotify:track:62y46lAyoKKHCbMWBX522z
28,To Bezar Boro Mano,Amir Tataloo,spotify:track:7MblCBydj7NhDZ3HPpdSVI
29,Hagh,Amir Tataloo,spotify:track:5dT9DuHXP3TCNU2ykHlGaU
30,Merci Amir Tataloo,Amir Tataloo,spotify:track:79yjXrIiyoX3gBJZ72QXXO
31,Fana,Sepehr Khalse,spotify:track:5pssOw6VltJ1AZJH5rfOYx
32,Berim Baham,Sepehr Khalse,spotify:track:5y3FM8OQ6kEbULBRM6OCCs
33,Fresh,Sepehr Khalse,spotify:track:6hW5K6bydUIV8EK88UCYLE
34,Shol Kon,Sepehr Khalse,spotify:track:3C0s9QOAKOU6lUCh7nCVUT
35,Boodi Yaram,Sepehr Khalse,spotify:track:1aFllLRJyLxIriyOL2g8Ww
36,Yakuza,Sepehr Khalse,spotify:track:1jIrQAzc6xwzw3Id6bQySk
37,Saal Be Saal,Sepehr Khalse,spotify:track:4qfRaZmjR0lT7N63RY1cSg
38,Moorche,Sepehr Khalse,spotify:track:5K0WocQCHiZuwwGG9Cwgdg
39,Jake Paul,Sepehr Khalse,spotify:track:5tnQSNGSpjndloVlvX044A
40,Ghalbe Banafsh,Sepehr Khalse,spotify:track:74BCEuxc3dOxknpZo1wX4n
41,Fana,Koorosh,spotify:track:5pssOw6VltJ1AZJH5rfOYx
42,Extasy,Koorosh,spotify:track:5B0etJzKR8SVBS5AeT0dP8
43,Saaghi,Koorosh,spotify:track:1nQIQgTjYy8YmLycamwrUf
44,After,Koorosh,spotify:track:4Yek8W0DzJeRLDd1d0hHQi
45,Hayahoo - Acoustic,Koorosh,spotify:track:6wX3aeg2vMBAFB0ubaraLb
46,Yebaram Man,Koorosh,spotify:track:0q0f5te0CkEfuql22T9EkV
47,Bemoon Ba Man,Koorosh,spotify:track:0T8J9sbbXBhu8Hli3xN43c
48,Azin Manzare,Koorosh,spotify:track:73YPj3MR5SOqHCSR9Kd5m1
49,Behesh Begid,Koorosh,spotify:track:7aFBkEkyNVO03D2co5pEiq
50,Un Momento,Koorosh,spotify:track:0WEXLD199dgGgc0R0m7Nds
51,Extasy,Sijal,spotify:track:7yYsg785skDUBi5s3ppBcv
52,Berim Baham,Sijal,spotify:track:5y3FM8OQ6kEbULBRM6OCCs
53,Fresh,Sijal,spotify:track:6hW5K6bydUIV8EK88UCYLE
54,Shol Kon,Sijal,spotify:track:3C0s9QOAKOU6lUCh7nCVUT
55,Oomadam Too Shahr,Sijal,spotify:track:54m73M5ubIsGKtDHPe734h
56,2 Saal,Sijal,spotify:track:3Sn261HsKEFyvy7LwZIRaZ
57,Boodi Yaram,Sijal,spotify:track:1aFllLRJyLxIriyOL2g8Ww
58,Saal Be Saal,Sijal,spotify:track:4qfRaZmjR0lT7N63RY1cSg
59,Tavalod,Sijal,spotify:track:0RNFtu0WtyhMksGnnCWGNJ
60,Fogholade,Sijal,spotify:track:2YwxjoiuqY2LaAwJeFgFhE
61,Tamally Maak,Amr Diab,spotify:track:6TYFcqqQVQPb3YsgfRhvqs
62,Nour El Ein,Amr Diab,spotify:track:3ZTuYuaV1fhdNnuIBuzTYy
63,Bayen Habeit,Amr Diab,spotify:track:29KS7kBSU77PrYGB6RVR5O
64,El Alem Allah,Amr Diab,spotify:track:0iHyLzEeCcu19aEC2M3o5M
65,Amarain,Amr Diab,spotify:track:0WcFWvjYOAEFJn1LuvqX7F
66,Khalek Fakerny,Amr Diab,spotify:track:7DYa99MDxGMIFouOh8bHdi
67,Qusad Einy,Amr Diab,spotify:track:3bISYorQwMHFlDaAhNyWd8
68,Lealy Nahary,Amr Diab,spotify:track:1F4llVlAB6yfumGxPXBOxc
69,Wala Ala Balo,Amr Diab,spotify:track:3Myno7mzYuIaNrOGPlIheQ
70,We Lesa Bethebo,Amr Diab,spotify:track:7LRCNmATjS81c87NCNFyqy
71,Berim Baham,Alireza Jj,spotify:track:5y3FM8OQ6kEbULBRM6OCCs
72,Ghesmate Man,Alireza Jj,spotify:track:22YNgSjuxdbHYY6qjIdhxK
73,Boodi Yaram,Alireza Jj,spotify:track:1aFllLRJyLxIriyOL2g8Ww
74,Saal Be Saal,Alireza Jj,spotify:track:4qfRaZmjR0lT7N63RY1cSg
75,Balance,Alireza Jj,spotify:track:3iF8i6BaA8PqgzeiA5UXcg
76,Tavalod,Alireza Jj,spotify:track:0RNFtu0WtyhMksGnnCWGNJ
77,Gang Beraghse,Alireza Jj,spotify:track:62ahB3SOB3fjoWnQGvn0sP
78,Shabe Tavalod,Alireza Jj,spotify:track:6JC1Mpw7ws2OGvrqSQNBwy
79,Pesare Bad,Alireza Jj,spotify:track:6oVehsw1WqwQzjG9dZKpma
80,Bobby,Alireza Jj,spotify:track:6S6THeGrNDbFHYstdr7aEn
81,Nasakhe Noskhe,Hiphopologist,spotify:track:0sfvjt6IqgMLRIPpw1R4Zf
82,Nabz,Hiphopologist,spotify:track:4g2ptqGnnzVU9E743Q3r1H
83,GHORS,Hiphopologist,spotify:track:0aOWGmbULWpm9d9GEj6Mvw
84,Cardi,Hiphopologist,spotify:track:6GaDgKXly2CkhWaa0T0SHe
85,AZHIR,Hiphopologist,spotify:track:6Gg5el6xDJ35g0lvdKQluH
86,5AM,Hiphopologist,spotify:track:5d6FWZHrYVF4oB8tYx8x8o
87,Mashallah,Hiphopologist,spotify:track:0gdlI8jdnkNp0DN16FOeFj
88,Jahadi,Hiphopologist,spotify:track:1OGlUauRd7QpuAY0JX6K2g
89,Mario Puzo,Hiphopologist,spotify:track:2O6AxqfsrPel2r7uywGKTK
90,Rose,Hiphopologist,spotify:track:7GxEbO1ohNr6iaxGdLLx0k
91,Nasakhe Noskhe,Ashkan Kagan,spotify:track:0sfvjt6IqgMLRIPpw1R4Zf
92,Nabz,Ashkan Kagan,spotify:track:4g2ptqGnnzVU9E743Q3r1H
93,GHORS,Ashkan Kagan,spotify:track:0aOWGmbULWpm9d9GEj6Mvw
94,Cardi,Ashkan Kagan,spotify:track:6GaDgKXly2CkhWaa0T0SHe
95,AZHIR,Ashkan Kagan,spotify:track:6Gg5el6xDJ35g0lvdKQluH
96,5AM,Ashkan Kagan,spotify:track:5d6FWZHrYVF4oB8tYx8x8o
97,Jahadi,Ashkan Kagan,spotify:track:1OGlUauRd7QpuAY0JX6K2g
98,Mario Puzo,Ashkan Kagan,spotify:track:2O6AxqfsrPel2r7uywGKTK
99,Rose,Ashkan Kagan,spotify:track:7GxEbO1ohNr6iaxGdLLx0k
100,Nabayad,Ashkan Kagan,spotify:track:0TJFp1Kv29TJN2r7raUWmw
101,Tavalod,Sohrab Mj,spotify:track:3XmS0SRDdnszbY5Rjk3eua
102,12 Be Bad,Sohrab Mj,spotify:track:7cOTzO1Zxan0BHd1Hs8rIN
103,Gangesh Balas,Sohrab Mj,spotify:track:5yM6TlXdb2CUIAMoEJs9o3
104,Polomp,Sohrab Mj,spotify:track:4yEjoykC0sfd4sPjrY7GeN
105,Jens Joore,Sohrab Mj,spotify:track:5Cw3Y5v01RjImnB18TtqDy
106,Ye Roozi,Sohrab Mj,spotify:track:5n4Oh433S0Pg2kcAgUbuUJ
107,Haabil,Sohrab Mj,spotify:track:6OFPp7ywNpwXERBXoHpbQZ
108,Az Tehran Motenaferan,Sohrab Mj,spotify:track:01sYzzvXqM5smBNsyjy6hY
109,Beynol,Sohrab Mj,spotify:track:25bGKyi2Ngk583FFrKeNNE
110,Nardeboon,Sohrab Mj,spotify:track:7wXIFqsDyWdgTtqY3UKHY6
111,Fana,Arta,spotify:track:5pssOw6VltJ1AZJH5rfOYx
112,After,Arta,spotify:track:4Yek8W0DzJeRLDd1d0hHQi
113,Erade Kon,Arta,spotify:track:5LNVfoPzZLqZtrhybWcb6F
114,Bemoon Ba Man,Arta,spotify:track:0T8J9sbbXBhu8Hli3xN43c
115,Messe Avalash,Arta,spotify:track:01fzT3hmmjXc7dQikBEknk
116,Khaterate Bad,Arta,spotify:track:77O1ybRLidgtecTv7HPhUr
117,Hanooz Yadame,Arta,spotify:track:0NqTJDvYWR2So0eLDfuMNT
118,Residam Be Tash,Arta,spotify:track:1ywiMex9UmuuypFzKRDO9p
119,Cheshm Beham Bezani,Arta,spotify:track:4E7C5YLtoowjoDHAxXjtTD
120,Nanaal,Arta,spotify:track:5xkquVbt9OD8xFZdUJciig
121,Why Did You Leave Me? - 5ha5hu Remix,Homayoun Shajarian,spotify:track:0lrmKZI12EgnbjB2lolJ5F
122,Yek Nafas Arezouye To,Homayoun Shajarian,spotify:track:0AXPC0pORtCqphiHJEsK6v
123,Che Danestam - Seventh Soul Remix,Homayoun Shajarian,spotify:track:5TteGvnDqhsp5aJhbASQ1S
124,Ahay Khabardar,Homayoun Shajarian,spotify:track:3mgNGRFuQ800H1WxfKCIeh
125,Asemane Abri,Homayoun Shajarian,spotify:track:2jLYDj4XVT47kb5lrrvalU
126,Havaye Zemzemehayat,Homayoun Shajarian,spotify:track:0iN9eBwfUQhFJqmQhfOPg2
127,So Much the Better,Homayoun Shajarian,spotify:track:5w3f2M6GDNFXto9VGC2Dz8
128,Flaming,Homayoun Shajarian,spotify:track:3MN5dt7MASGuUOziLA0Cpp
129,Diare Asheghihayam,Homayoun Shajarian,spotify:track:2Zs1sK6OGNoSgVxM5lGUyB
130,Bidar Sho,Homayoun Shajarian,spotify:track:1j3WS1tMnM8FS8IzXkyXnw
131,Goriz,Ebi,spotify:track:1hiY3G7AOOQEr5JCNcHGsJ
132,Harighe Sabz,Ebi,spotify:track:3FdpQpdLwt9UyJwMwJtqIk
133,Gheseh Eshgh,Ebi,spotify:track:5PwZD0bbcwM9xCwIGA2muS
134,Khanom Gol,Ebi,spotify:track:2rMvwsXseVVpi8M2R2WKz2
135,Ghebleh,Ebi,spotify:track:75wR9u92iSZtRuLFQSkgiF
136,Atreh Toh,Ebi,spotify:track:4Fyb2OMEx1xBiSrO7FsGcO
137,Setarehaye Sorbi,Ebi,spotify:track:0sLmBJYIPvKr4kfauJ2UkK
138,Pichak,Ebi,spotify:track:3TlP50FTm69aaLaQGuQkpV
139,Nazi Naz Kon,Ebi,spotify:track:05DB7X5RlVGBzNff2MquhC
140,Khali,Ebi,spotify:track:2uBIwlvF7qfdr4VJx4hg2N
141,Daste Man Nist,Shadmehr Aghili,spotify:track:2nWCTExej348Xg8lbj6BYk
142,Bi Ehsas,Shadmehr Aghili,spotify:track:6kEYgBt0uhMp2oXBhuJ150
143,Baatel,Shadmehr Aghili,spotify:track:1ifntp7gVCKulHrsLKKSci
144,Taghdir,Shadmehr Aghili,spotify:track:1epASSfShhRArB1UCC4OkH
145,Yakh Zadam,Shadmehr Aghili,spotify:track:5uScszzCJQzbtMgt9I2bYy
146,Chera Too Jangi?,Shadmehr Aghili,spotify:track:4oLC6Uhl7OmVFHyajsxK6E
147,Jange Delam,Shadmehr Aghili,spotify:track:0iwKfS0pQCsNThavmhClP4
148,Ham nafas,Shadmehr Aghili,spotify:track:64ISMlAMOZ8Dyd9ULGuLgD
149,Entekhab,Shadmehr Aghili,spotify:track:1xOPb1VypItv5TSQiPd1TC
150,Avaz Nemishi,Shadmehr Aghili,spotify:track:4iFrUdSxRcyaJDXScRVNU9
151,Tora Tora (Boro Boro),Arash,spotify:track:4N7UpiOnVCysT8K3QqK9Me
152,Ich bin weg - BoroBoro,Arash,spotify:track:1f6Paz0Vf1CPhcNDs1vMyR
153,Broken Angel,Arash,spotify:track:6weCxrTcAsUn1wdRrorjUV
154,One Night in Dubai,Arash,spotify:track:0AmwmAEOgm11kXiaL9jHOZ
155,She Makes Me Go - Feat. Sean Paul,Arash,spotify:track:4zC64Ep1wRc8jMto5InsIw
156,BoroBoro - Radio Edit,Arash,spotify:track:3lIeY717Kbj6FXVnUCmGhm
157,One Day,Arash,spotify:track:4RkZzvr0wqr2HjgJ9Yq3Ga
158,Temptation,Arash,spotify:track:2u6UfIasLoMj55uDQC5ryh
159,Pure Love (feat. Helena),Arash,spotify:track:5rrmwzfwhbdtP445fOaWwX
160,No Maybes,Arash,spotify:track:1nYbbqZEses2erZhEuwJu0
161,Tool Mishe Type,Saman Wilson,spotify:track:0JZt19OBFO06oc7J5OFEyy
162,Aroos,Saman Wilson,spotify:track:1xIudE3RAg7ElM6VpehIPd
163,Bitab,Saman Wilson,spotify:track:1IiwHv9OUJQkHqplabQAv9
164,Journalist,Saman Wilson,spotify:track:4CXSL75esPRG4E6agHlHCM
165,Yeki Dige (feat. Arash Dara),Saman Wilson,spotify:track:1anPEbLiqbSKRBoZuf6LV9
166,Kaafi Nist,Saman Wilson,spotify:track:5R6KR95g7yywhdNRlqAg1j
167,Ghermez (feat. Tara),Saman Wilson,spotify:track:0sHY8WRaNOgCelsUumDDjq
168,Tond Naro,Saman Wilson,spotify:track:5XhEuTYsrgizXFq73uixrx
169,Bozorg (feat. Arash Dara),Saman Wilson,spotify:track:0beOlXrLs19A2CeBHJ24X7
170,Berizam Beham,Saman Wilson,spotify:track:5mNQVhkrDNxaiz2d0Q38G1
171,Tabestoon Kootahe,Zedbazi,spotify:track:6bJYxnGau5bTOpa3WtLFSK
172,Bache Mahal,Zedbazi,spotify:track:0NYcaxxYq5J2iZj2AssA4X
173,Nakoni Bavar,Zedbazi,spotify:track:6z6pkRNl1nbzuySJU5V4hN
174,Cigare Soorati,Zedbazi,spotify:track:6whXleK5CuWA7K6OXqQdUN
175,Pedare Man Bad Mano Negah Mikone,Zedbazi,spotify:track:63RWzvjlGosJZpd6wr8A9i
176,Chera Badi,Zedbazi,spotify:track:3Ee0qvaHRb1G9LXXno15UB
177,OBI,Zedbazi,spotify:track:1QdpferVj1yEQtYpTCpkY4
178,Daro Baz Kon - Acoustic Version,Zedbazi,spotify:track:6l206h3FW0r2WeeaWRc66x
179,Zamin Saafe,Zedbazi,spotify:track:7imwgFerkLlOYXEGSXOFZc
180,Daro Baz Kon,Zedbazi,spotify:track:7jcqnQqiRg61cPofqDvLMl
181,Intro (Amade Bash),Shayea,spotify:track:5XSj3Dke19hKkmOYp1Jypk
182,Deli,Shayea,spotify:track:70wStr5pFlypiIvDML10ja
183,Telo,Shayea,spotify:track:2ERnvuys0x0q5DVZFBCmDr
184,Khod Dargir,Shayea,spotify:track:2aqPdMdVL1gtMDUKPH6IxR
185,Asabani,Shayea,spotify:track:2AEpgPCHevVPboRdyvYgVW
186,Nemidooni Cheqad Delam Mikhad,Shayea,spotify:track:2AixqAwC1kbjpXjA8vNrVm
187,Mosser,Shayea,spotify:track:00lLt6unCSKBcpVPEyV9Mh
188,Boro Bala,Shayea,spotify:track:4Da6Ka8vvsN6B0TxKGPIxw
189,Ye Moghehaei,Shayea,spotify:track:54GNAyjJFdx9uaSk3UnV4J
190,Ta Yeja,Shayea,spotify:track:7sauoHbARFX973VeFE5P11
191,After,Catchybeatz,spotify:track:4Yek8W0DzJeRLDd1d0hHQi
192,ELELI,Catchybeatz,spotify:track:0MyLg0lQkOve16lLRCnJgI
193,NASA,Catchybeatz,spotify:track:6iwPMJ5t1HGfX900maILqD
194,Woah,Catchybeatz,spotify:track:5TOzoYhe3pHFY19ffO0Fo2
195,OSOSHERE,Catchybeatz,spotify:track:63gNU4oUQllEefVF6SmL8B
196,Jake Paul,Catchybeatz,spotify:track:5tnQSNGSpjndloVlvX044A
197,Da Da Da,Catchybeatz,spotify:track:6XSjanNcfqMrhDxFGYHLYo
198,GANG,Catchybeatz,spotify:track:104elRRitEbyYjYnpvt01w
199,Jens Joore,Catchybeatz,spotify:track:5Cw3Y5v01RjImnB18TtqDy
200,Kari Nadare Ke,Catchybeatz,spotify:track:5l28z265gsItkj4rQOtxzX
201,209,Shahin Najafi,spotify:track:3Ur3BpWj50OlzjMImmoyQy
202,Fou,Shahin Najafi,spotify:track:5ErfakYkrntFSeRdFgMpFM
203,Azar,Shahin Najafi,spotify:track:3IdX8jq6ygKaYDSEHn8Izx
204,Shaere Chashmhat,Shahin Najafi,spotify:track:1znlAetlCUJbi26mFy3OCx
205,Bahman,Shahin Najafi,spotify:track:1CEugsjqmhbvRdXpLDp8cx
206,Baraye Khandeh Naabat,Shahin Najafi,spotify:track:3oJ9Qc3fyVc8L7R0IX6ckg
207,Ranandegi dar Masti,Shahin Najafi,spotify:track:0P5BZjale7VsgNVQm0YNT1
208,Dahani Jerideh Az Faryad,Shahin Najafi,spotify:track:6pnylNDiXLaqbJpq8fkOfA
209,Ay Leili,Shahin Najafi,spotify:track:1W6h589jksSdSwvsQHY24W
210,Ingooneh,Shahin Najafi,spotify:track:0ihXDFQNSyR0XRVsUOF7NW
211,To Baroon Keh Rafty,Siavash Ghomayshi,spotify:track:3kGw6a9LXtP8i9r9BisQ9D
212,Jazireh,Siavash Ghomayshi,spotify:track:2homT2OnK5xIU6EgO3WelA
213,Ashegh,Siavash Ghomayshi,spotify:track:6Z19v9JDsvytHZs86oPYoq
214,Ghoroob,Siavash Ghomayshi,spotify:track:1bZRRAVN9j8HExna7Kn2zp
215,Alaki,Siavash Ghomayshi,spotify:track:4RQwdyxqen35d7SBNQhJcQ
216,Parandehe Mohajer,Siavash Ghomayshi,spotify:track:5g2OrGNjYHKIDYSndjLrCX
217,Daryaye Maghreb,Siavash Ghomayshi,spotify:track:0VWCuSBJVerPThcGx3bJaQ
218,Parandeh,Siavash Ghomayshi,spotify:track:70OniTq7BiezojJK8VjfIb
219,Yadegari,Siavash Ghomayshi,spotify:track:50zxlmvPczTLsWZlz9q8rS
220,Tasavor Kon,Siavash Ghomayshi,spotify:track:2jP5gKZPthGhPf7kKAgzkd
221,Shokret,Reza Pishro,spotify:track:2MHNdG3jS1MLF9zbMoOMbc
222,Baby Oonam Dooste Mane,Reza Pishro,spotify:track:0HLQRljaGjU5oZVyt0EiCA
223,Gorg,Reza Pishro,spotify:track:44avXySYWskHuq99lkF3dw
224,Rock A Chock,Reza Pishro,spotify:track:0lsZt7u0pys6KanpJmAzcs
225,Qabil,Reza Pishro,spotify:track:1Aw1kzyGJQSCU4sCibQzQT
226,Niloofare Abi,Reza Pishro,spotify:track:68DkwO0KHwGn6VbHHS7YBj
227,Batel Shod,Reza Pishro,spotify:track:7IRaJItDTJNZxP8SfycIGT
228,Miri Tu Lak (feat. Ho3ein),Reza Pishro,spotify:track:75aHjqTybQyf4fmiCZ2ejo
229,Rappere Ghadimi,Reza Pishro,spotify:track:0jck7x9KMTesgj1t6kfn9J
230,Rap Game (feat. Owji),Reza Pishro,spotify:track:4U4ioTnQPdivaw1RxBxoWb
231,Ghermez,poobon,spotify:track:4Qn35HKJBs01RLzALXEHUv
232,FENDI,poobon,spotify:track:03kRClVw6BNKerM2cybuFC
233,PSILOCYBIN,poobon,spotify:track:5EIxgj7IrvF7Iu7shZKtlL
234,Tigh,poobon,spotify:track:2pcQUpIhVGdwvg8oucqowu
235,SARD,poobon,spotify:track:1WR0gY2M64FlPXnSUKQW2P
236,12:34,poobon,spotify:track:5sRnRDd23Zl6GLB8SFqlj1
237,MNONSHKN,poobon,spotify:track:3Lz4m3LlPC6N7ObV6FcJpr
238,Bi Marefat,poobon,spotify:track:1jFJzlaoE06MYycNH2bpN1
239,Dvoone,poobon,spotify:track:10Fi0YXWzalpQ5DKH8EqXQ
240,Manoto,poobon,spotify:track:3bIgLy5v8aQmyesbtRLjZ8
241,Be Mula,Ho3ein,spotify:track:7MayY1yz6a5FDx757hMn0x
242,Gorg,Ho3ein,spotify:track:44avXySYWskHuq99lkF3dw
243,12 Be Bad,Ho3ein,spotify:track:7cOTzO1Zxan0BHd1Hs8rIN
244,Q69,Ho3ein,spotify:track:2sjWBzp2RL9BqTb7VcablI
245,2Ja,Ho3ein,spotify:track:1Tu4C5NzBhV5pM4ELTp3zg
246,Sobhone,Ho3ein,spotify:track:6M6u8iuj58mgTFoyPwd7wD
247,Sob Zohr Shab,Ho3ein,spotify:track:3R9SSQSQMJUwDDTgiKR1Bm
248,Didgah,Ho3ein,spotify:track:3CpmuBuSV5bJU4CM94QaQT
249,Tanhaei,Ho3ein,spotify:track:2Lo5B01uqAe6bCqWxd5Xo5
250,Shaba,Ho3ein,spotify:track:1LPfNTQsAZMV4N7U3K9EDi
251,Aalam E Yekrangee,Googoosh,spotify:track:2JvBEz6SEJZG34UBxbytC2
252,Makhlough,Googoosh,spotify:track:45bsaWbpYBd7VdNxBwY3qe
253,Chra Nemiraghassy,Googoosh,spotify:track:6SInUXYcKLtmODUk8W8UCW
254,Gole Bee Goldoon,Googoosh,spotify:track:563j8FtNp7BFarAy0uGp3Q
255,Pol,Googoosh,spotify:track:5wogkX0KqHJBbXwEDroPOQ
256,Gharibe Ashena,Googoosh,spotify:track:6VbjG4GCKlofrkUuTeHaWE
257,Do Panjereh,Googoosh,spotify:track:3m7MznkIFJv9xV3gF0iKAT
258,Man Aamadeh-Am,Googoosh,spotify:track:6jzwYUwyXpJVd1XUQNGyrc
259,Eshgh,Googoosh,spotify:track:2CYxB3hyLthTbj4MZYq3sw
260,Bigharar,Googoosh,spotify:track:0jOsiyjmrUhEqfmi8DEt0O
261,Sarnevesht,Gdaal,spotify:track:0D8atL0cgPBtTiNKoDZnwi
262,Jahadi,Gdaal,spotify:track:1OGlUauRd7QpuAY0JX6K2g
263,Zibaye Vahshi,Gdaal,spotify:track:6KtsD99zkIYrIEz2VWAFTS
264,Khooneye Akhar,Gdaal,spotify:track:7tgpp8UCSpxZIubyGafiUY
265,Yadam Toro Faramush,Gdaal,spotify:track:2qJBAYZZzB7WcBXSxw6cXk
266,Barmigardeh,Gdaal,spotify:track:7lKg6xmUdKJeCWoiXj3gVz
267,7th Of July,Gdaal,spotify:track:5I8gdrCiUiYdrPGPHu8lp0
268,Banafsh,Gdaal,spotify:track:04ZLEr0TI0hBHS7q29CghJ
269,Khanevadegi 2,Gdaal,spotify:track:2z9qVddrm5DtbD6jou7RIa
270,Sedaha,Gdaal,spotify:track:6xnpjlh880NujuLV0Er33f
271,Saghi,Hayedeh,spotify:track:5X5AM1RbaqZlC45WWjeu4a
272,Aalam E Yekrangee,Hayedeh,spotify:track:2JvBEz6SEJZG34UBxbytC2
273,Soghati,Hayedeh,spotify:track:2SbjTkzyw8Yt9vgHIe2ciP
274,Deleh Divuneh,Hayedeh,spotify:track:0Yd8fy2FTqR35UCBMGTtNw
275,Halghe Tala (Moein),Hayedeh,spotify:track:02ROFSb24qOGyNik6Bket2
276,Bezan Tar,Hayedeh,spotify:track:2l2bcujEoZPZNJlq745QgU
277,Shabeh Eshgh,Hayedeh,spotify:track:2SyfMmgCEmA2RfxEwAFoDH
278,Siah Cheshmun,Hayedeh,spotify:track:7l0D9XzPDplyz9yaVUM1Zi
279,Ravi,Hayedeh,spotify:track:1LZ85VRJ2GLYhUQW3nbWgi
280,Nagoo Nemiyam,Hayedeh,spotify:track:4lad3kIPCIUp8OFMrI5ugx
281,Shah Beyt,Masih,spotify:track:7HSrtrTsrJI74x9clNTo8K
282,Shakhe Nabat,Masih,spotify:track:5S7MbZHa1u2B04KsUXVCc1
283,Booye Shomal,Masih,spotify:track:3FZSwXCZUwwffCchntOgMn
284,Amoo Zanjir Baf,Masih,spotify:track:1oUx9AtfB7TH1w8PkE9V8k
285,Man Mazerat Mikham,Masih,spotify:track:5GiSBhIT2MYPp4pBBTL0Kh
286,Chatr,Masih,spotify:track:5J7zGGvUD3TsQ6cPpRtPfj
287,Hale Ajib,Masih,spotify:track:1J1WtQIgLE5LAOcfUUdyoe
288,Aslan,Masih,spotify:track:5MgVzot4gurMnXQA2fkl19
289,Darya,Masih,spotify:track:59OeQYAA0rvbubLVK0TnHs
290,Leila,Masih,spotify:track:4ng7I0sItvodKFCdjxHGg9
291,Beraghsa,Mohsen Chavoshi,spotify:track:6FsV2yQ5zL3oxwUiTsGxsy
292,Postchi (Post Man),Mohsen Chavoshi,spotify:track:1M5t7am1mNrcJoaHsaBSAe
293,Bist Hezar Arezoo,Mohsen Chavoshi,spotify:track:1DOC1uEgAWTTvOhZ8Xhs6p
294,Koja Boodi,Mohsen Chavoshi,spotify:track:1y4YwKSKDxSb3zDg1SF41F
295,Ghashange Man,Mohsen Chavoshi,spotify:track:2ecXuooKk9qV1Y8HM6BBEF
296,Dele Man,Mohsen Chavoshi,spotify:track:7MweiFIjmra1RCEm2YXvFM
297,Babe Delam,Mohsen Chavoshi,spotify:track:2ADSQZRZOAdiiprufAKO4f
298,Yade Cheshme To Mioftam,Mohsen Chavoshi,spotify:track:0n5GoDGb1AdHClsMGe7eNR
299,Afsar,Mohsen Chavoshi,spotify:track:1n2fLqBpM6VpRrmMAYG9gd
300,To Dar Masafate Barani - Bonus Track,Mohsen Chavoshi,spotify:track:6B7JL3AdCusmdEyADaFWcv
301,Tehran,Sogand,spotify:track:2r8QqpsQeq0uFQv4n9mym1
302,Baroon,Sogand,spotify:track:4U04ptZBUpVUNR4oRen9bO
303,Salam,Sogand,spotify:track:6YufUGxR2tFSyWXWEVM8DZ
304,Hamgonah,Sogand,spotify:track:2h6d8iSCVomDu5XpSUx9As
305,Romantic,Sogand,spotify:track:7ybbH9YazZk6gaOZdf6Pgd
306,Halet Khube,Sogand,spotify:track:63ePFdccE9yvFAOO4rfzHz
307,Bilite Yektarafe,Sogand,spotify:track:7I0ota0pQM0MeCm1zJtjA1
308,Modele Man,Sogand,spotify:track:16aSVoYVSR52MgVqtJmtUx
309,Migzare,Sogand,spotify:track:1RURbkNY9dVRq7vCoqmYc4
310,The Lom,Sogand,spotify:track:2AXrdZMjdFUlrEUTG0lcjx
311,Bezan Baran,Ehaam,spotify:track:5ekeVMVXKTbwoi747PET58
312,Cheshmanat Arezoost,Ehaam,spotify:track:6zSxXyQjAdn7jV7aKUFtcb
313,Taab o Tab,Ehaam,spotify:track:3vAaINTGZXrzkLVCyDhSwL
314,Gharibe Ashena,Ehaam,spotify:track:6hjNBbQ8coHKh5CyGLaECu
315,Ziba Jan,Ehaam,spotify:track:6q8gBswn9YoE5MiEdQobol
316,Soltane Ghalbe Man,Ehaam,spotify:track:5PleshAkRT1WFbuqS2JNHC
317,Jana,Ehaam,spotify:track:67i0sOTPZAjmdFvO6e3IIA
318,Eshgh,Ehaam,spotify:track:7CPIKQ7tp2VQlpBH3X3pqe
319,Khaterehamoon,Ehaam,spotify:track:22WZvg5WUVc4Znzr56ErZ5
320,Vay Az In Halam,Ehaam,spotify:track:6KeB9JP8DK10esuNU8Rj7p
321,Hallelujah,Erfan,spotify:track:5bnyjjXQo6zQm4kyW6qhWR
322,"Khatteh Man (Remix) [feat. Mehrad Hidden, Reveal, Afra & Khashayar]",Erfan,spotify:track:0GdjOnWtcgTexHoXkYrdCX
323,Age Ye Rooz - Remix,Erfan,spotify:track:6VTbhdmrooMC66hRwRWH3Y
324,Khanevadegi 2,Erfan,spotify:track:2z9qVddrm5DtbD6jou7RIa
325,Hide & Seek,Erfan,spotify:track:6hhH0qU9KPqrTzm6BFXTbN
326,Shabaye Tehran,Erfan,spotify:track:70LWEXM8fugMgznTTpePT9
327,Yadete (feat. Sogand),Erfan,spotify:track:3CJ0Y31cHSbtWM731brb0L
328,Paydari,Erfan,spotify:track:6my26jxfJfOpe9bXquIFF0
329,Ey Del,Erfan,spotify:track:6xqDJwKqO1Thsfti5VZViW
330,Mano Natarsoon,Erfan,spotify:track:5dBtfVYJKY5BM8X0pqiPVj
331,Cheshme Man,Dariush,spotify:track:567pa89CGdOa0QLVTPvv4i
332,Age Ye Rooz,Dariush,spotify:track:6GOIFaiqpDTzXhsrlUcUtQ
333,Ey Eshgh,Dariush,spotify:track:6yWBRHb4uwQp7kZLn07pc5
334,Shekanjegar,Dariush,spotify:track:0UHyML1kmbFeBArHgeuNRB
335,Shame Mahtab,Dariush,spotify:track:6CARcEoieZDAFHDqHbqa36
336,Donyaye In Roozaye Man,Dariush,spotify:track:1aHIGIGBnxPygRBRmTJb5z
337,Dastaye Tou,Dariush,spotify:track:3AP69DS4kZJNaEoyys3kpG
338,Sarabe Radde Paye To,Dariush,spotify:track:6tFMbwM8sOcReyqIp05Ok3
339,Ay Eshgh,Dariush,spotify:track:2tx454bmY3Se0fh8CJdeVm
340,Be Man Fekr Kon,Dariush,spotify:track:247D7jwyIiq0lFBaajZG8y
341,Pas Man Chi,Wantons,spotify:track:2q6SQo1NWPkkU7UAhyKJjZ
342,Haminim Ke Hastim,Wantons,spotify:track:7Ix4gTgZ959S1boFqlMCXe
343,Boome Naghashi,Wantons,spotify:track:2ahuiKjqhHMuXyJC9NTwgX
344,Hanoozam,Wantons,spotify:track:5s0qvMrurOgHLNjqdvinfa
345,Doe Sob,Wantons,spotify:track:05z8cTYlfiCmOrgee6v9gx
346,Fada Saret,Wantons,spotify:track:3kpabquXgngB1KnvDFI2VP
347,Begoo Yadete,Wantons,spotify:track:3KfxLOidvPNpnWQQadIrao
348,Cheshmak,Wantons,spotify:track:2nc23H5M6Do7qcaIUwXNMo
349,Bachegia,Wantons,spotify:track:4J7lXcqQhp35RQmciWqMTu
350,Bayad Raft (feat. Behzad Leito),Wantons,spotify:track:22EVXaVw1eO02fInnvDVpV
351,Behet Ghol Midam - Live,Mohsen Yeganeh,spotify:track:3YcPKmntW2DwQoRPYEkaO0
352,Behet Ghol Midam,Mohsen Yeganeh,spotify:track:4l9ytEMvyXBkYCNOa96jM1
353,Sokoot,Mohsen Yeganeh,spotify:track:0no8jE2FLI9tR3GYGeBHEP
354,Nadaramet,Mohsen Yeganeh,spotify:track:0qCIxbq3KP3fskqsfGdJBF
355,Khodkhah,Mohsen Yeganeh,spotify:track:7nrKT6n3Uh90IdlzoVdZNY
356,Dooset Daram,Mohsen Yeganeh,spotify:track:4UoHWosTlZ2QqAibNEMG0P
357,Khiale To,Mohsen Yeganeh,spotify:track:0LcFyvkpv5mrVWyQlNaPHO
358,Darkam Kon,Mohsen Yeganeh,spotify:track:2KYN9V5ImmLJVimKUk7S15
359,Nashkan Delamo,Mohsen Yeganeh,spotify:track:68pYmVJW6s7i9fIiYLnL4X
360,Bade To,Mohsen Yeganeh,spotify:track:2N4wNZy5S7iaHdBsciPhOr
361,Euphoria,Isam,spotify:track:5QQOHwX8Kct3iSdXHyitjM
362,Toofani,Isam,spotify:track:3srJxNvkqTSe82qBPmUGeY
363,ENGAR,Isam,spotify:track:1bs5a6DBoHNoPtpy7Xzj1R
364,FARDA,Isam,spotify:track:6M8hQ6SkN6vwToDrGwiK6Q
365,ENGAR - NOIZEY Remix,Isam,spotify:track:2zMnjN52KY7t1pNs6IQJYA
366,SARGIJE,Isam,spotify:track:7I4bFzbXLsiZSCttRHj2nD
367,MOWJ,Isam,spotify:track:4JLDtQ7VerMLk0DxugadJk
368,ZAKHM,Isam,spotify:track:0AulCkUIW4bDBbVPZaTpXB
369,Obsessed freestyle,Isam,spotify:track:5TCs85N6BguAFD1rwC5r9e
370,NEVERLAND,Isam,spotify:track:5BLScNb3k3EeVbJbzj40y8
371,Zendegi Ba Tou,Moein,spotify:track:7dmU0EooTrtM7JYpbjJlND
372,Halghe Tala (Moein),Moein,spotify:track:02ROFSb24qOGyNik6Bket2
373,Majnoon,Moein,spotify:track:45j3QUgHlNc8lR6jqtWBcX
374,Gozashteh,Moein,spotify:track:3OdvD0dV0lcrwhrJWUUJU1
375,Kolle Donyami,Moein,spotify:track:4fQDBIQ6jvUstHlqfoFW3m
376,Parandeh,Moein,spotify:track:70OniTq7BiezojJK8VjfIb
377,Hamdam,Moein,spotify:track:5FXjRiI73HRG4S7LqL0qU4
378,Lahzeha,Moein,spotify:track:0ESqZryAWPQmMQvo3fzfQ6
379,Bigharar,Moein,spotify:track:0srVJ5LenTAwHKFuiw7pTo
380,Divane Miraghsad,Moein,spotify:track:6U3ps6j0SjJfDlGgc76F4K
381,Gentleman,Sasy,spotify:track:5LOVw41B6bJ8Wkq8Xy7kTv
382,Tehran Tokyo,Sasy,spotify:track:09N8zFVLg53xOiqzBXMTU6
383,Doctor,Sasy,spotify:track:7gbMNdOcnfuFivzQmC1gu3
384,Maman Mano Bebakhsh,Sasy,spotify:track:3vpxxfRW7sSWJHluDFQbCT
385,Saaghiya,Sasy,spotify:track:69yP7jY5UtTJpm6LwQVqiX
386,Ostad,Sasy,spotify:track:49wDC9kcsKh2ePLSX41IJ0
387,Salam,Sasy,spotify:track:4ZJZKLyhewsNt89M6RkXTv
388,Ye Jure Digast,Sasy,spotify:track:7d7Aqr5lI4ySUHAQnbBLF7
389,Behtarin Kado,Sasy,spotify:track:5U6AgEueVffxGrvMrtcl1F
390,Hame Bada,Sasy,spotify:track:0qQCR8kW2BubB59cy5Mcxe
391,Zolf,Mohsen Namjoo,spotify:track:1J0sf3W8vrGhIoVvI9oOh0
392,Nobahari,Mohsen Namjoo,spotify:track:46DepxozCdj7BZmxiZtTpu
393,Toranj,Mohsen Namjoo,spotify:track:0S8tYVLgAdgjwA0UXibLBg
394,Ey Sareban,Mohsen Namjoo,spotify:track:34GMpITRVZw5Gy4iVA2yFp
395,Man Mast,Mohsen Namjoo,spotify:track:3gWs0iD6j1zzMggBzRaNcc
396,Chah Chah,Mohsen Namjoo,spotify:track:55s6TyDUUYi5rh93amJe0G
397,Sadde Yaâ€™jooj,Mohsen Namjoo,spotify:track:6xsHggsym6GTFbkIARyeAs
398,Lobatakan,Mohsen Namjoo,spotify:track:2Oiu0Z8bzRN3ViJ1kVFzNU
399,Yaare Jaani,Mohsen Namjoo,spotify:track:4SaPZb6HQpiXQ6rZXi5nSY
400,Marmara,Mohsen Namjoo,spotify:track:4UhEl55O6yB9ZZrajbNA6p
401,Saaghi,The Don,spotify:track:1nQIQgTjYy8YmLycamwrUf
402,Mikham Bargardam,The Don,spotify:track:1J5SizihbWHPUbqhK4QGQo
403,Faal,The Don,spotify:track:0DIhc9SE1CuGktQeCBk1Wg
404,Beraghs Ba Man,The Don,spotify:track:2tDMSUJcIPzpgQLFLqMdtu
405,Door Tarin Eshgh,The Don,spotify:track:6A8c7D5nKUgNEczHWhYWkj
406,Farda Ke Chi,The Don,spotify:track:0oda6BLmeQn0tsf5gRqt1f
407,Gahgaahi,The Don,spotify:track:2jYBkTzGGfX34S4THpQRPA
408,Emshabo Naro,The Don,spotify:track:4Gv8nwHxH0VTi3R0bGWqRL
409,Az Zehnam Boro Biroon,The Don,spotify:track:2rVgMIg9FUAzl824WSGeNs
410,On My Skin,The Don,spotify:track:5Rsuf6SAGqa88w40lvaVSW
411,Mojasame,Naser Zeynali,spotify:track:3t9lHieE4CzqBaF23JHg3H
412,Bego Chand?,Naser Zeynali,spotify:track:3yMBYsuKmjgzCODN5cyBp6
413,Delbare Nab,Naser Zeynali,spotify:track:3mkxy6Z3ArsXxAc1zhxUo5
414,Ye Khabari Shode!,Naser Zeynali,spotify:track:5EpSJKdX9ASON3TdLtsCLU
415,Bego Chand,Naser Zeynali,spotify:track:7lmCzWlLJBdJZOCojjZra6
416,Nafas,Naser Zeynali,spotify:track:3s9BIWr7CSIlGcIFfbHFBQ
417,Ba Toam,Naser Zeynali,spotify:track:09xrg1OwqcLIpDtW9R1OBJ
418,Khodeto Beresoon,Naser Zeynali,spotify:track:0CTxlaMOiaFN5dfD0JuYzi
419,Delbare Nab - Slow Version,Naser Zeynali,spotify:track:65cXrHSTpn1g66hrFJTIRl
420,Jangale Moohat,Naser Zeynali,spotify:track:6XddZqC32Yxe2wmpKgjEP2
421,Divoonegi,Sirvan Khosravi,spotify:track:6HvSUh6HF4fHgLXF2xMHE6
422,Tanha Nazar,Sirvan Khosravi,spotify:track:0q5q5fgZIbkcJHgJKEqXzi
423,Ghabe Akse Khali,Sirvan Khosravi,spotify:track:1koJb6WebShjpVPtx7XoqN
424,Dorost Nemisham,Sirvan Khosravi,spotify:track:0Kara2MMQvv32k9fD4lQmW
425,Bonbast,Sirvan Khosravi,spotify:track:2qznH0xL40dxXCiAwC70pJ
426,Kheili Rooza Gozasht,Sirvan Khosravi,spotify:track:04js3pBP9ytpLsT2bXtLbk
427,Soojehat Tekrarie,Sirvan Khosravi,spotify:track:1P1O16DQ3jZ2hLKFU8NhKT
428,Be Hamin Zoodi (Live in Rasht 2022),Sirvan Khosravi,spotify:track:05xkXVG0zOqrhqIZkKbndu
429,Bargard,Sirvan Khosravi,spotify:track:1HpaKY7ReQtgK0JZmhTgVc
430,Harf Bezan - Remix,Sirvan Khosravi,spotify:track:1AVXlRneLp7r3ZxnUiMcYr
431,Brand New Key,Melanie,spotify:track:7da5B9d2oVV16YSzXVxmrR
432,Ruby Tuesday,Melanie,spotify:track:6vr1sLoeL987BxGJW7XYaZ
433,Beautiful People,Melanie,spotify:track:4rMCvdNWp9IvvDJYyUfxyl
434,Lay Down (Candles In The Rain) - Long Version,Melanie,spotify:track:66LevxamA5uN8xW2IzZYLg
435,Dust in the Wind,Melanie,spotify:track:5P3MdoNzb3eIJ8x8dsASZV
436,"Look What They've Done To My Song, Ma",Melanie,spotify:track:00ED5BKOZWqV022xGQUGvi
437,Johnny Boy,Melanie,spotify:track:551F5kwyXw2ANo3vcyEIwt
438,Ring the Living Bell,Melanie,spotify:track:7zzme6UyNlgkBY4D8TZMHN
439,I Will Survive,Melanie,spotify:track:2fmHbQhXgiiHPEY6jT2U0B
440,Mr. Tambourine Man - Live at Woodstock,Melanie,spotify:track:2jNn5LOOEUswQHJNnO3LkH
441,Shokret,Tohi,spotify:track:2MHNdG3jS1MLF9zbMoOMbc
442,Poquito,Tohi,spotify:track:58X7U6eD6RCNLIAnxJqBHl
443,Baby Oonam Dooste Mane,Tohi,spotify:track:0HLQRljaGjU5oZVyt0EiCA
444,Anxiety,Tohi,spotify:track:6gD4JedniqXtJXrudjEe2c
445,Ba Man Miraghsi (feat. Sami Beigi),Tohi,spotify:track:4GRCEbNhhgpHZOBMIyvFeJ
446,Chetori Gol,Tohi,spotify:track:64AXokF38wZDQz5FlpNbI9
447,Asheghet Manam,Tohi,spotify:track:1HwpS1TTfmZjfkXJBYjeAX
448,Nazanin,Tohi,spotify:track:76cndubwAE1yFNxyY8EGwO
449,Persian,Tohi,spotify:track:6u0EGQfDNyF6hNi6JpEShT
450,Hale,Tohi,spotify:track:33vN48hKPbKhxcgKK2outP
451,Ni Jana,TM Bax,spotify:track:4YxsJyL48q7NZiiCj0uib0
452,YE YE,TM Bax,spotify:track:6CVSoFxNZtg0RpRNTAYopU
453,Masalei Ni,TM Bax,spotify:track:3E3gEvN9B70xxAaDI1D84P
454,GANJA GUN,TM Bax,spotify:track:2NQBRYw9lQ4b2fTqd9nFwb
455,Kiki,TM Bax,spotify:track:0KTIbEg5la3u22Hs30cGNJ
456,Joz To,TM Bax,spotify:track:3l9asjQqYQw2m5CyByQNIt
457,Motadetam,TM Bax,spotify:track:07SBmgS3Jpq387aXmHQFGC
458,Lazemami,TM Bax,spotify:track:3vWj26lRbj7w4WDSRy8SCU
459,Oxygen,TM Bax,spotify:track:0Bx82T6zZ5OLkq2K6y1NTu
460,Cha Cha,TM Bax,spotify:track:1v9pGDvbQb5G8CDqYEpMRG
461,Khosh Be Halam,Hamid Hiraad,spotify:track:1iwIqAU0RoShpoFurumftx
462,Delaaram,Hamid Hiraad,spotify:track:1P9RBTCwbNskcJaodkdIwr
463,Jazzab,Hamid Hiraad,spotify:track:3Ja24gkmL086UlyIgwufPH
464,Mashoogh,Hamid Hiraad,spotify:track:215vRdWwJQfcMMZNYXuSwy
465,Mastam Kon,Hamid Hiraad,spotify:track:2EmAyt4j8YJKpus90DBzuu
466,Nimeye Janam,Hamid Hiraad,spotify:track:5oLf4JQbZNn3PN5EMl4zRC
467,Bitab,Hamid Hiraad,spotify:track:3o9LfORe1WEIG25J5SBhfV
468,Goftam Beman,Hamid Hiraad,spotify:track:6Swk1Ttrp5Qx5tZyUEC2TJ
469,Khoda Nakonad,Hamid Hiraad,spotify:track:5Cia9CElS6bsOqTargIowE
470,Shookhie Mage,Hamid Hiraad,spotify:track:20sNRdmehgEKbbBQ4Qf39v
471,Hameye Oun Rooza,Reza Sadeghi,spotify:track:2QZnRJS9zLxNLvlSvbDpTs
472,Bemoni Baram,Reza Sadeghi,spotify:track:5jp4UPTVTYs0SiS95I3rIu
473,Saret Salamat(Be Healthy),Reza Sadeghi,spotify:track:6iX8XnMGHT9cNPPa7RQAjM
474,Mano Yadet,Reza Sadeghi,spotify:track:0jqGCut9d8PQLcd0k2xpMi
475,Vaysa Donya,Reza Sadeghi,spotify:track:0fokNZ555D3u2FyINKTMRr
476,Shahr Ashoob,Reza Sadeghi,spotify:track:2yPGxbUrFGj0p4B1eSsDmE
477,Hame Chi Khoobe,Reza Sadeghi,spotify:track:3NeNP6sZa75uYQwgPQzcxu
478,Farze Mahal,Reza Sadeghi,spotify:track:3vgrGBcVX1ERZjVWcLMNtQ
479,To Ke Hassasi,Reza Sadeghi,spotify:track:0wYWVoCKnQVP9KOXhVREdc
480,Ye Chizi Mishe Dige,Reza Sadeghi,spotify:track:0KWHh9wtn3C3pWzReVl4Cu
481,Mashallah,Chvrsi,spotify:track:0gdlI8jdnkNp0DN16FOeFj
482,Nike Boy,Chvrsi,spotify:track:3v9bn8Nzz5ZrRKq4YxCyZU
483,Illegal - Remix,Chvrsi,spotify:track:17KVs45ztUsQSSOdw8QF19
484,Boof,Chvrsi,spotify:track:4w4dLCO6zTM9Q8Quziltpm
485,Takipaki,Chvrsi,spotify:track:3OKLhKPs7C2P0YqMGcRfrQ
486,Hate.,Chvrsi,spotify:track:1sZZ8wWyqBcC1T8ht4r6FR
487,Flame,Chvrsi,spotify:track:581OypYElK8mF3Kb1UyJy9
488,Illegal,Chvrsi,spotify:track:5mMY3NFCoMH0kOyWIRMEsd
489,Poodr,Chvrsi,spotify:track:1aM1QrQ0iB5zsll8PscaHD
490,Kesafat,Chvrsi,spotify:track:0lXYZYaYUjBkfs0LC0X6Kl
491,Khosh Be Halam,Ragheb,spotify:track:1iwIqAU0RoShpoFurumftx
492,Jazzab,Ragheb,spotify:track:3Ja24gkmL086UlyIgwufPH
493,Shalat,Ragheb,spotify:track:1nFo9iGLUEiwyMeyuCRP7T
494,Havaye Eshgh,Ragheb,spotify:track:4US22qezmf410cfmoPYUD1
495,Divanegi,Ragheb,spotify:track:3SpaRqaWOicq5999UnRYbh
496,To Ra Ke Didam,Ragheb,spotify:track:1lulM567h314KYQcbxYBom
497,Sedaye Baroon,Ragheb,spotify:track:0EhwbCN20PLPPZqp9nbQ9j
498,Sokoote Asheghaneh,Ragheb,spotify:track:3HfoiQ1VVvC9gtMfRAvr6W
499,Bichare Farhad,Ragheb,spotify:track:71yTPg2WsZuAyEerjjxjYh
500,Beman,Ragheb,spotify:track:1HOQB2ivJ1ODwkEDMlMqnb
